1.53331E+12,591,LoginPage,200,OK,SingleUser_15min 1-1,text,TRUE,,9106,0,1,1,588,0,0
1.53331E+12,1122,Reservation,200,OK,SingleUser_15min 1-1,text,TRUE,,15849,0,1,1,886,0,0
1.53331E+12,1124,Filldetails,200,OK,SingleUser_15min 1-1,text,TRUE,,15849,0,1,1,884,0,0
1.53331E+12,1136,Purchase,200,OK,SingleUser_15min 1-1,text,TRUE,,15849,0,1,1,896,0,0
1.53331E+12,956,Signoff,200,OK,SingleUser_15min 1-1,text,TRUE,,8418,0,1,1,954,0,0
1.53331E+12,593,LoginPage,200,OK,SingleUser_15min 1-2,text,TRUE,,9106,0,1,1,591,0,0
1.53331E+12,1121,Reservation,200,OK,SingleUser_15min 1-2,text,TRUE,,15849,0,1,1,884,0,0
1.53331E+12,1117,Filldetails,200,OK,SingleUser_15min 1-2,text,TRUE,,15849,0,1,1,879,0,0
1.53331E+12,1137,Purchase,200,OK,SingleUser_15min 1-2,text,TRUE,,15849,0,1,1,894,0,0
1.53331E+12,944,Signoff,200,OK,SingleUser_15min 1-2,text,TRUE,,8418,0,1,1,943,0,0
1.53331E+12,583,LoginPage,200,OK,SingleUser_15min 1-3,text,TRUE,,9106,0,1,1,581,0,0
1.53331E+12,1125,Reservation,200,OK,SingleUser_15min 1-3,text,TRUE,,15849,0,1,1,884,0,0
1.53331E+12,1131,Filldetails,200,OK,SingleUser_15min 1-3,text,TRUE,,15849,0,1,1,889,0,0
1.53331E+12,1111,Purchase,200,OK,SingleUser_15min 1-3,text,TRUE,,15849,0,1,1,874,0,0
1.53331E+12,935,Signoff,200,OK,SingleUser_15min 1-3,text,TRUE,,8418,0,1,1,933,0,0
1.53331E+12,574,LoginPage,200,OK,SingleUser_15min 1-4,text,TRUE,,9106,0,1,1,573,0,0
1.53331E+12,1114,Reservation,200,OK,SingleUser_15min 1-4,text,TRUE,,15849,0,1,1,874,0,0
1.53331E+12,1121,Filldetails,200,OK,SingleUser_15min 1-4,text,TRUE,,15849,0,1,1,881,0,0
1.53331E+12,1152,Purchase,200,OK,SingleUser_15min 1-4,text,TRUE,,15849,0,1,1,906,0,0
1.53331E+12,953,Signoff,200,OK,SingleUser_15min 1-4,text,TRUE,,8418,0,1,1,951,0,0
1.53331E+12,593,LoginPage,200,OK,SingleUser_15min 1-5,text,TRUE,,9106,0,1,1,592,0,0
1.53331E+12,1148,Reservation,200,OK,SingleUser_15min 1-5,text,TRUE,,15849,0,1,1,902,0,0
1.53331E+12,1143,Filldetails,200,OK,SingleUser_15min 1-5,text,TRUE,,15849,0,1,1,901,0,0
1.53331E+12,1125,Purchase,200,OK,SingleUser_15min 1-5,text,TRUE,,15849,0,1,1,887,0,0
1.53331E+12,950,Signoff,200,OK,SingleUser_15min 1-5,text,TRUE,,8418,0,1,1,947,0,0
1.53331E+12,593,LoginPage,200,OK,SingleUser_15min 1-6,text,TRUE,,9106,0,1,1,591,0,0
1.53331E+12,1121,Reservation,200,OK,SingleUser_15min 1-6,text,TRUE,,15849,0,1,1,883,0,0
1.53331E+12,1127,Filldetails,200,OK,SingleUser_15min 1-6,text,TRUE,,15849,0,1,1,887,0,0
1.53331E+12,1140,Purchase,200,OK,SingleUser_15min 1-6,text,TRUE,,15849,0,1,1,898,0,0
1.53331E+12,946,Signoff,200,OK,SingleUser_15min 1-6,text,TRUE,,8418,0,1,1,944,0,0
1.53331E+12,560,LoginPage,200,OK,SingleUser_15min 1-7,text,TRUE,,9106,0,1,1,560,0,0
1.53331E+12,1092,Reservation,200,OK,SingleUser_15min 1-7,text,TRUE,,15849,0,1,1,851,0,0
1.53331E+12,1114,Filldetails,200,OK,SingleUser_15min 1-7,text,TRUE,,15849,0,1,1,877,0,0
1.53331E+12,1132,Purchase,200,OK,SingleUser_15min 1-7,text,TRUE,,15849,0,1,1,894,0,0
1.53331E+12,939,Signoff,200,OK,SingleUser_15min 1-7,text,TRUE,,8418,0,1,1,937,0,0
1.53331E+12,589,LoginPage,200,OK,SingleUser_15min 1-8,text,TRUE,,9106,0,1,1,588,0,0
1.53331E+12,1127,Reservation,200,OK,SingleUser_15min 1-8,text,TRUE,,15849,0,1,1,889,0,0
1.53331E+12,1126,Filldetails,200,OK,SingleUser_15min 1-8,text,TRUE,,15849,0,1,1,890,0,0
1.53331E+12,1160,Purchase,200,OK,SingleUser_15min 1-8,text,TRUE,,15849,0,1,1,909,0,0
1.53331E+12,953,Signoff,200,OK,SingleUser_15min 1-8,text,TRUE,,8418,0,1,1,952,0,0
1.53331E+12,607,LoginPage,200,OK,SingleUser_15min 1-9,text,TRUE,,9106,0,1,1,604,0,0
1.53331E+12,1121,Reservation,200,OK,SingleUser_15min 1-9,text,TRUE,,15849,0,1,1,882,0,0
1.53331E+12,1140,Filldetails,200,OK,SingleUser_15min 1-9,text,TRUE,,15849,0,1,1,897,0,0
1.53331E+12,1124,Purchase,200,OK,SingleUser_15min 1-9,text,TRUE,,15849,0,1,1,887,0,0
1.53331E+12,938,Signoff,200,OK,SingleUser_15min 1-9,text,TRUE,,8418,0,1,1,938,0,0
1.53331E+12,592,LoginPage,200,OK,SingleUser_15min 1-10,text,TRUE,,9106,0,1,1,591,0,0
1.53331E+12,1135,Reservation,200,OK,SingleUser_15min 1-10,text,TRUE,,15849,0,1,1,894,0,0
1.53331E+12,1136,Filldetails,200,OK,SingleUser_15min 1-10,text,TRUE,,15849,0,1,1,894,0,0
1.53331E+12,1134,Purchase,200,OK,SingleUser_15min 1-10,text,TRUE,,15849,0,1,1,893,0,0
1.53331E+12,947,Signoff,200,OK,SingleUser_15min 1-10,text,TRUE,,8418,0,1,1,946,0,0
1.53331E+12,611,LoginPage,200,OK,SingleUser_15min 1-11,text,TRUE,,9106,0,1,1,610,0,0
1.53331E+12,1129,Reservation,200,OK,SingleUser_15min 1-11,text,TRUE,,15849,0,1,1,891,0,0
1.53331E+12,1128,Filldetails,200,OK,SingleUser_15min 1-11,text,TRUE,,15849,0,1,1,890,0,0
1.53331E+12,1129,Purchase,200,OK,SingleUser_15min 1-11,text,TRUE,,15849,0,1,1,886,0,0
1.53331E+12,946,Signoff,200,OK,SingleUser_15min 1-11,text,TRUE,,8418,0,1,1,944,0,0
1.53331E+12,589,LoginPage,200,OK,SingleUser_15min 1-12,text,TRUE,,9106,0,1,1,586,0,0
1.53331E+12,1136,Reservation,200,OK,SingleUser_15min 1-12,text,TRUE,,15849,0,1,1,893,0,0
1.53331E+12,1139,Filldetails,200,OK,SingleUser_15min 1-12,text,TRUE,,15849,0,1,1,897,0,0
1.53331E+12,1137,Purchase,200,OK,SingleUser_15min 1-12,text,TRUE,,15849,0,1,1,896,0,0
1.53331E+12,940,Signoff,200,OK,SingleUser_15min 1-12,text,TRUE,,8418,0,1,1,937,0,0
1.53331E+12,566,LoginPage,200,OK,SingleUser_15min 1-13,text,TRUE,,9106,0,1,1,566,0,0
1.53331E+12,1116,Reservation,200,OK,SingleUser_15min 1-13,text,TRUE,,15849,0,1,1,876,0,0
1.53331E+12,1140,Filldetails,200,OK,SingleUser_15min 1-13,text,TRUE,,15849,0,1,1,899,0,0
1.53331E+12,1131,Purchase,200,OK,SingleUser_15min 1-13,text,TRUE,,15849,0,1,1,890,0,0
1.53331E+12,940,Signoff,200,OK,SingleUser_15min 1-13,text,TRUE,,8418,0,1,1,938,0,0
1.53331E+12,594,LoginPage,200,OK,SingleUser_15min 1-14,text,TRUE,,9106,0,1,1,593,0,0
1.53331E+12,1130,Reservation,200,OK,SingleUser_15min 1-14,text,TRUE,,15849,0,1,1,888,0,0
1.53331E+12,1138,Filldetails,200,OK,SingleUser_15min 1-14,text,TRUE,,15849,0,1,1,896,0,0
1.53331E+12,1127,Purchase,200,OK,SingleUser_15min 1-14,text,TRUE,,15849,0,1,1,887,0,0
1.53331E+12,941,Signoff,200,OK,SingleUser_15min 1-14,text,TRUE,,8418,0,1,1,939,0,0
1.53331E+12,594,LoginPage,200,OK,SingleUser_15min 1-15,text,TRUE,,9106,0,1,1,591,0,0
1.53331E+12,1147,Reservation,200,OK,SingleUser_15min 1-15,text,TRUE,,15849,0,1,1,901,0,0
1.53331E+12,1110,Filldetails,200,OK,SingleUser_15min 1-15,text,TRUE,,15849,0,1,1,873,0,0
1.53331E+12,1135,Purchase,200,OK,SingleUser_15min 1-15,text,TRUE,,15849,0,1,1,893,0,0
1.53331E+12,942,Signoff,200,OK,SingleUser_15min 1-15,text,TRUE,,8418,0,1,1,940,0,0
1.53331E+12,592,LoginPage,200,OK,SingleUser_15min 1-16,text,TRUE,,9106,0,1,1,591,0,0
1.53331E+12,1119,Reservation,200,OK,SingleUser_15min 1-16,text,TRUE,,15849,0,1,1,879,0,0
1.53331E+12,1131,Filldetails,200,OK,SingleUser_15min 1-16,text,TRUE,,15849,0,1,1,889,0,0
1.53331E+12,1132,Purchase,200,OK,SingleUser_15min 1-16,text,TRUE,,15849,0,1,1,892,0,0
1.53331E+12,946,Signoff,200,OK,SingleUser_15min 1-16,text,TRUE,,8418,0,1,1,944,0,0
1.53331E+12,595,LoginPage,200,OK,SingleUser_15min 1-17,text,TRUE,,9106,0,1,1,593,0,0
1.53331E+12,1151,Reservation,200,OK,SingleUser_15min 1-17,text,TRUE,,15849,0,1,1,904,0,0
1.53331E+12,1131,Filldetails,200,OK,SingleUser_15min 1-17,text,TRUE,,15849,0,1,1,892,0,0
1.53331E+12,1129,Purchase,200,OK,SingleUser_15min 1-17,text,TRUE,,15849,0,1,1,888,0,0
1.53331E+12,940,Signoff,200,OK,SingleUser_15min 1-17,text,TRUE,,8418,0,1,1,937,0,0
1.53331E+12,596,LoginPage,200,OK,SingleUser_15min 1-18,text,TRUE,,9106,0,1,1,595,0,0
1.53331E+12,1133,Reservation,200,OK,SingleUser_15min 1-18,text,TRUE,,15849,0,1,1,889,0,0
1.53331E+12,1123,Filldetails,200,OK,SingleUser_15min 1-18,text,TRUE,,15849,0,1,1,884,0,0
1.53331E+12,1135,Purchase,200,OK,SingleUser_15min 1-18,text,TRUE,,15849,0,1,1,893,0,0
1.53331E+12,936,Signoff,200,OK,SingleUser_15min 1-18,text,TRUE,,8418,0,1,1,933,0,0
1.53331E+12,604,LoginPage,200,OK,SingleUser_15min 1-19,text,TRUE,,9106,0,1,1,603,0,0
1.53331E+12,1130,Reservation,200,OK,SingleUser_15min 1-19,text,TRUE,,15849,0,1,1,889,0,0
1.53331E+12,1131,Filldetails,200,OK,SingleUser_15min 1-19,text,TRUE,,15849,0,1,1,890,0,0
1.53331E+12,1136,Purchase,200,OK,SingleUser_15min 1-19,text,TRUE,,15849,0,1,1,895,0,0
1.53331E+12,951,Signoff,200,OK,SingleUser_15min 1-19,text,TRUE,,8418,0,1,1,949,0,0
1.53331E+12,588,LoginPage,200,OK,SingleUser_15min 1-20,text,TRUE,,9106,0,1,1,585,0,0
1.53331E+12,1127,Reservation,200,OK,SingleUser_15min 1-20,text,TRUE,,15849,0,1,1,888,0,0
1.53331E+12,1110,Filldetails,200,OK,SingleUser_15min 1-20,text,TRUE,,15849,0,1,1,869,0,0
1.53331E+12,1135,Purchase,200,OK,SingleUser_15min 1-20,text,TRUE,,15849,0,1,1,894,0,0
1.53331E+12,938,Signoff,200,OK,SingleUser_15min 1-20,text,TRUE,,8418,0,1,1,936,0,0
1.53331E+12,598,LoginPage,200,OK,SingleUser_15min 1-21,text,TRUE,,9106,0,1,1,596,0,0
1.53331E+12,1113,Reservation,200,OK,SingleUser_15min 1-21,text,TRUE,,15849,0,1,1,876,0,0
1.53331E+12,1125,Filldetails,200,OK,SingleUser_15min 1-21,text,TRUE,,15849,0,1,1,886,0,0
1.53331E+12,1153,Purchase,200,OK,SingleUser_15min 1-21,text,TRUE,,15849,0,1,1,912,0,0
1.53331E+12,945,Signoff,200,OK,SingleUser_15min 1-21,text,TRUE,,8418,0,1,1,943,0,0
1.53331E+12,654,LoginPage,200,OK,SingleUser_15min 1-22,text,TRUE,,9106,0,1,1,653,0,0
1.53331E+12,1213,Reservation,200,OK,SingleUser_15min 1-22,text,TRUE,,15849,0,1,1,968,0,0
1.53331E+12,1156,Filldetails,200,OK,SingleUser_15min 1-22,text,TRUE,,15849,0,1,1,916,0,0
1.53331E+12,1123,Purchase,200,OK,SingleUser_15min 1-22,text,TRUE,,15849,0,1,1,884,0,0
1.53331E+12,934,Signoff,200,OK,SingleUser_15min 1-22,text,TRUE,,8418,0,1,1,933,0,0
1.53331E+12,589,LoginPage,200,OK,SingleUser_15min 1-23,text,TRUE,,9106,0,1,1,588,0,0
1.53331E+12,1122,Reservation,200,OK,SingleUser_15min 1-23,text,TRUE,,15849,0,1,1,884,0,0
1.53331E+12,1124,Filldetails,200,OK,SingleUser_15min 1-23,text,TRUE,,15849,0,1,1,886,0,0
1.53331E+12,1125,Purchase,200,OK,SingleUser_15min 1-23,text,TRUE,,15849,0,1,1,886,0,0
1.53331E+12,942,Signoff,200,OK,SingleUser_15min 1-23,text,TRUE,,8418,0,1,1,940,0,0
1.53331E+12,604,LoginPage,200,OK,SingleUser_15min 1-24,text,TRUE,,9106,0,1,1,602,0,0
1.53331E+12,1118,Reservation,200,OK,SingleUser_15min 1-24,text,TRUE,,15849,0,1,1,880,0,0
1.53331E+12,1123,Filldetails,200,OK,SingleUser_15min 1-24,text,TRUE,,15849,0,1,1,883,0,0
1.53331E+12,1141,Purchase,200,OK,SingleUser_15min 1-24,text,TRUE,,15849,0,1,1,905,0,0
1.53331E+12,933,Signoff,200,OK,SingleUser_15min 1-24,text,TRUE,,8418,0,1,1,933,0,0
1.53331E+12,595,LoginPage,200,OK,SingleUser_15min 1-25,text,TRUE,,9106,0,1,1,593,0,0
1.53331E+12,1140,Reservation,200,OK,SingleUser_15min 1-25,text,TRUE,,15849,0,1,1,897,0,0
1.53331E+12,1127,Filldetails,200,OK,SingleUser_15min 1-25,text,TRUE,,15849,0,1,1,886,0,0
1.53331E+12,1123,Purchase,200,OK,SingleUser_15min 1-25,text,TRUE,,15849,0,1,1,885,0,0
1.53331E+12,952,Signoff,200,OK,SingleUser_15min 1-25,text,TRUE,,8418,0,1,1,951,0,0
1.53331E+12,583,LoginPage,200,OK,SingleUser_15min 1-26,text,TRUE,,9106,0,1,1,582,0,0
1.53331E+12,1125,Reservation,200,OK,SingleUser_15min 1-26,text,TRUE,,15849,0,1,1,883,0,0
1.53331E+12,1148,Filldetails,200,OK,SingleUser_15min 1-26,text,TRUE,,15849,0,1,1,903,0,0
1.53331E+12,1134,Purchase,200,OK,SingleUser_15min 1-26,text,TRUE,,15849,0,1,1,893,0,0
1.53331E+12,951,Signoff,200,OK,SingleUser_15min 1-26,text,TRUE,,8418,0,1,1,949,0,0
1.53331E+12,563,LoginPage,200,OK,SingleUser_15min 1-27,text,TRUE,,9106,0,1,1,563,0,0
1.53331E+12,1099,Reservation,200,OK,SingleUser_15min 1-27,text,TRUE,,15849,0,1,1,859,0,0
1.53331E+12,1122,Filldetails,200,OK,SingleUser_15min 1-27,text,TRUE,,15849,0,1,1,885,0,0
1.53331E+12,1124,Purchase,200,OK,SingleUser_15min 1-27,text,TRUE,,15849,0,1,1,885,0,0
1.53331E+12,935,Signoff,200,OK,SingleUser_15min 1-27,text,TRUE,,8418,0,1,1,933,0,0
1.53331E+12,599,LoginPage,200,OK,SingleUser_15min 1-28,text,TRUE,,9106,0,1,1,599,0,0
1.53331E+12,1136,Reservation,200,OK,SingleUser_15min 1-28,text,TRUE,,15849,0,1,1,895,0,0
1.53331E+12,1121,Filldetails,200,OK,SingleUser_15min 1-28,text,TRUE,,15849,0,1,1,885,0,0
1.53331E+12,1138,Purchase,200,OK,SingleUser_15min 1-28,text,TRUE,,15849,0,1,1,894,0,0
1.53331E+12,938,Signoff,200,OK,SingleUser_15min 1-28,text,TRUE,,8418,0,1,1,937,0,0
1.53331E+12,595,LoginPage,200,OK,SingleUser_15min 1-29,text,TRUE,,9106,0,1,1,595,0,0
1.53331E+12,1119,Reservation,200,OK,SingleUser_15min 1-29,text,TRUE,,15849,0,1,1,881,0,0
1.53331E+12,1119,Filldetails,200,OK,SingleUser_15min 1-29,text,TRUE,,15849,0,1,1,883,0,0
1.53331E+12,1121,Purchase,200,OK,SingleUser_15min 1-29,text,TRUE,,15849,0,1,1,883,0,0
1.53331E+12,942,Signoff,200,OK,SingleUser_15min 1-29,text,TRUE,,8418,0,1,1,942,0,0
1.53331E+12,596,LoginPage,200,OK,SingleUser_15min 1-30,text,TRUE,,9106,0,1,1,594,0,0
1.53331E+12,1102,Reservation,200,OK,SingleUser_15min 1-30,text,TRUE,,15849,0,1,1,865,0,0
1.53331E+12,1080,Filldetails,200,OK,SingleUser_15min 1-30,text,TRUE,,15849,0,1,1,839,0,0
1.53331E+12,1075,Purchase,200,OK,SingleUser_15min 1-30,text,TRUE,,15849,0,1,1,838,0,0
1.53331E+12,888,Signoff,200,OK,SingleUser_15min 1-30,text,TRUE,,8418,0,1,1,888,0,0
1.53331E+12,574,LoginPage,200,OK,SingleUser_15min 1-31,text,TRUE,,9106,0,1,1,573,0,0
1.53331E+12,1116,Reservation,200,OK,SingleUser_15min 1-31,text,TRUE,,15849,0,1,1,873,0,0
1.53331E+12,1129,Filldetails,200,OK,SingleUser_15min 1-31,text,TRUE,,15849,0,1,1,889,0,0
1.53331E+12,1101,Purchase,200,OK,SingleUser_15min 1-31,text,TRUE,,15849,0,1,1,864,0,0
1.53331E+12,938,Signoff,200,OK,SingleUser_15min 1-31,text,TRUE,,8418,0,1,1,937,0,0
1.53331E+12,592,LoginPage,200,OK,SingleUser_15min 1-32,text,TRUE,,9106,0,1,1,590,0,0
1.53331E+12,1122,Reservation,200,OK,SingleUser_15min 1-32,text,TRUE,,15849,0,1,1,885,0,0
1.53331E+12,1128,Filldetails,200,OK,SingleUser_15min 1-32,text,TRUE,,15849,0,1,1,891,0,0
1.53331E+12,1135,Purchase,200,OK,SingleUser_15min 1-32,text,TRUE,,15849,0,1,1,895,0,0
1.53331E+12,953,Signoff,200,OK,SingleUser_15min 1-32,text,TRUE,,8418,0,1,1,951,0,0
1.53331E+12,600,LoginPage,200,OK,SingleUser_15min 1-33,text,TRUE,,9106,0,1,1,598,0,0
1.53331E+12,1117,Reservation,200,OK,SingleUser_15min 1-33,text,TRUE,,15849,0,1,1,879,0,0
1.53331E+12,1204,Filldetails,200,OK,SingleUser_15min 1-33,text,TRUE,,15849,0,1,1,930,0,0
1.53331E+12,1307,Purchase,200,OK,SingleUser_15min 1-33,text,TRUE,,15849,0,1,1,1065,0,0
1.53331E+12,960,Signoff,200,OK,SingleUser_15min 1-33,text,TRUE,,8418,0,1,1,956,0,0
1.53331E+12,626,LoginPage,200,OK,SingleUser_15min 1-34,text,TRUE,,9106,0,1,1,620,0,0
1.53331E+12,1157,Reservation,200,OK,SingleUser_15min 1-34,text,TRUE,,15849,0,1,1,906,0,0
1.53331E+12,1182,Filldetails,200,OK,SingleUser_15min 1-34,text,TRUE,,15849,0,1,1,925,0,0
1.53331E+12,1164,Purchase,200,OK,SingleUser_15min 1-34,text,TRUE,,15849,0,1,1,912,0,0
1.53331E+12,988,Signoff,200,OK,SingleUser_15min 1-34,text,TRUE,,8418,0,1,1,984,0,0
1.53331E+12,607,LoginPage,200,OK,SingleUser_15min 1-35,text,TRUE,,9106,0,1,1,607,0,0
1.53331E+12,1177,Reservation,200,OK,SingleUser_15min 1-35,text,TRUE,,15849,0,1,1,930,0,0
1.53331E+12,1151,Filldetails,200,OK,SingleUser_15min 1-35,text,TRUE,,15849,0,1,1,909,0,0
1.53331E+12,1136,Purchase,200,OK,SingleUser_15min 1-35,text,TRUE,,15849,0,1,1,895,0,0
1.53331E+12,949,Signoff,200,OK,SingleUser_15min 1-35,text,TRUE,,8418,0,1,1,948,0,0
1.53331E+12,589,LoginPage,200,OK,SingleUser_15min 1-36,text,TRUE,,9106,0,1,1,589,0,0
1.53331E+12,1123,Reservation,200,OK,SingleUser_15min 1-36,text,TRUE,,15849,0,1,1,884,0,0
1.53331E+12,1175,Filldetails,200,OK,SingleUser_15min 1-36,text,TRUE,,15849,0,1,1,925,0,0
1.53331E+12,1104,Purchase,200,OK,SingleUser_15min 1-36,text,TRUE,,15849,0,1,1,865,0,0
1.53331E+12,930,Signoff,200,OK,SingleUser_15min 1-36,text,TRUE,,8418,0,1,1,929,0,0
1.53331E+12,587,LoginPage,200,OK,SingleUser_15min 1-37,text,TRUE,,9106,0,1,1,586,0,0
1.53331E+12,1118,Reservation,200,OK,SingleUser_15min 1-37,text,TRUE,,15849,0,1,1,877,0,0
1.53331E+12,1126,Filldetails,200,OK,SingleUser_15min 1-37,text,TRUE,,15849,0,1,1,889,0,0
1.53331E+12,1243,Purchase,200,OK,SingleUser_15min 1-37,text,TRUE,,15849,0,1,1,966,0,0
1.53331E+12,992,Signoff,200,OK,SingleUser_15min 1-37,text,TRUE,,8418,0,1,1,990,0,0
1.53331E+12,598,LoginPage,200,OK,SingleUser_15min 1-38,text,TRUE,,9106,0,1,1,596,0,0
1.53331E+12,1119,Reservation,200,OK,SingleUser_15min 1-38,text,TRUE,,15849,0,1,1,875,0,0
1.53331E+12,1129,Filldetails,200,OK,SingleUser_15min 1-38,text,TRUE,,15849,0,1,1,890,0,0
1.53331E+12,1131,Purchase,200,OK,SingleUser_15min 1-38,text,TRUE,,15849,0,1,1,888,0,0
1.53331E+12,934,Signoff,200,OK,SingleUser_15min 1-38,text,TRUE,,8418,0,1,1,933,0,0
1.53331E+12,584,LoginPage,200,OK,SingleUser_15min 1-39,text,TRUE,,9106,0,1,1,582,0,0
1.53331E+12,1129,Reservation,200,OK,SingleUser_15min 1-39,text,TRUE,,15849,0,1,1,891,0,0
1.53331E+12,1129,Filldetails,200,OK,SingleUser_15min 1-39,text,TRUE,,15849,0,1,1,888,0,0
1.53331E+12,1130,Purchase,200,OK,SingleUser_15min 1-39,text,TRUE,,15849,0,1,1,891,0,0
1.53331E+12,944,Signoff,200,OK,SingleUser_15min 1-39,text,TRUE,,8418,0,1,1,941,0,0
1.53331E+12,587,LoginPage,200,OK,SingleUser_15min 1-40,text,TRUE,,9106,0,1,1,585,0,0
1.53331E+12,1128,Reservation,200,OK,SingleUser_15min 1-40,text,TRUE,,15849,0,1,1,884,0,0
1.53331E+12,1123,Filldetails,200,OK,SingleUser_15min 1-40,text,TRUE,,15849,0,1,1,885,0,0
1.53331E+12,1120,Purchase,200,OK,SingleUser_15min 1-40,text,TRUE,,15849,0,1,1,883,0,0
1.53331E+12,934,Signoff,200,OK,SingleUser_15min 1-40,text,TRUE,,8418,0,1,1,933,0,0
1.53331E+12,605,LoginPage,200,OK,SingleUser_15min 1-41,text,TRUE,,9106,0,1,1,604,0,0
1.53331E+12,1123,Reservation,200,OK,SingleUser_15min 1-41,text,TRUE,,15849,0,1,1,885,0,0
1.53331E+12,1110,Filldetails,200,OK,SingleUser_15min 1-41,text,TRUE,,15849,0,1,1,872,0,0
1.53331E+12,1134,Purchase,200,OK,SingleUser_15min 1-41,text,TRUE,,15849,0,1,1,892,0,0
1.53331E+12,939,Signoff,200,OK,SingleUser_15min 1-41,text,TRUE,,8418,0,1,1,937,0,0
1.53331E+12,609,LoginPage,200,OK,SingleUser_15min 1-42,text,TRUE,,9106,0,1,1,609,0,0
1.53331E+12,1083,Reservation,200,OK,SingleUser_15min 1-42,text,TRUE,,15849,0,1,1,845,0,0
1.53331E+12,1067,Filldetails,200,OK,SingleUser_15min 1-42,text,TRUE,,15849,0,1,1,832,0,0
1.53331E+12,1096,Purchase,200,OK,SingleUser_15min 1-42,text,TRUE,,15849,0,1,1,857,0,0
1.53331E+12,961,Signoff,200,OK,SingleUser_15min 1-42,text,TRUE,,8418,0,1,1,958,0,0
1.53331E+12,596,LoginPage,200,OK,SingleUser_15min 1-43,text,TRUE,,9106,0,1,1,594,0,0
1.53331E+12,1128,Reservation,200,OK,SingleUser_15min 1-43,text,TRUE,,15849,0,1,1,890,0,0
1.53331E+12,1124,Filldetails,200,OK,SingleUser_15min 1-43,text,TRUE,,15849,0,1,1,888,0,0
1.53331E+12,1134,Purchase,200,OK,SingleUser_15min 1-43,text,TRUE,,15849,0,1,1,891,0,0
1.53331E+12,940,Signoff,200,OK,SingleUser_15min 1-43,text,TRUE,,8418,0,1,1,938,0,0
1.53331E+12,707,LoginPage,200,OK,SingleUser_15min 1-44,text,TRUE,,9106,0,1,1,705,0,0
1.53331E+12,1122,Reservation,200,OK,SingleUser_15min 1-44,text,TRUE,,15849,0,1,1,885,0,0
1.53331E+12,1118,Filldetails,200,OK,SingleUser_15min 1-44,text,TRUE,,15849,0,1,1,881,0,0
1.53331E+12,1139,Purchase,200,OK,SingleUser_15min 1-44,text,TRUE,,15849,0,1,1,895,0,0
1.53331E+12,945,Signoff,200,OK,SingleUser_15min 1-44,text,TRUE,,8418,0,1,1,943,0,0
1.53331E+12,594,LoginPage,200,OK,SingleUser_15min 1-45,text,TRUE,,9106,0,1,1,592,0,0
1.53331E+12,1120,Reservation,200,OK,SingleUser_15min 1-45,text,TRUE,,15849,0,1,1,883,0,0
1.53331E+12,1138,Filldetails,200,OK,SingleUser_15min 1-45,text,TRUE,,15849,0,1,1,894,0,0
1.53331E+12,1139,Purchase,200,OK,SingleUser_15min 1-45,text,TRUE,,15849,0,1,1,897,0,0
1.53331E+12,942,Signoff,200,OK,SingleUser_15min 1-45,text,TRUE,,8418,0,1,1,941,0,0
1.53331E+12,592,LoginPage,200,OK,SingleUser_15min 1-46,text,TRUE,,9106,0,1,1,590,0,0
1.53331E+12,1122,Reservation,200,OK,SingleUser_15min 1-46,text,TRUE,,15849,0,1,1,884,0,0
1.53331E+12,1139,Filldetails,200,OK,SingleUser_15min 1-46,text,TRUE,,15849,0,1,1,894,0,0
1.53331E+12,1141,Purchase,200,OK,SingleUser_15min 1-46,text,TRUE,,15849,0,1,1,900,0,0
1.53331E+12,953,Signoff,200,OK,SingleUser_15min 1-46,text,TRUE,,8418,0,1,1,950,0,0
1.53331E+12,606,LoginPage,200,OK,SingleUser_15min 1-47,text,TRUE,,9106,0,1,1,604,0,0
1.53331E+12,1129,Reservation,200,OK,SingleUser_15min 1-47,text,TRUE,,15849,0,1,1,888,0,0
1.53331E+12,1116,Filldetails,200,OK,SingleUser_15min 1-47,text,TRUE,,15849,0,1,1,879,0,0
1.53331E+12,1121,Purchase,200,OK,SingleUser_15min 1-47,text,TRUE,,15849,0,1,1,882,0,0
1.53331E+12,953,Signoff,200,OK,SingleUser_15min 1-47,text,TRUE,,8418,0,1,1,951,0,0
1.53331E+12,588,LoginPage,200,OK,SingleUser_15min 1-48,text,TRUE,,9106,0,1,1,588,0,0
1.53331E+12,1117,Reservation,200,OK,SingleUser_15min 1-48,text,TRUE,,15849,0,1,1,880,0,0
1.53331E+12,1108,Filldetails,200,OK,SingleUser_15min 1-48,text,TRUE,,15849,0,1,1,870,0,0
1.53331E+12,1149,Purchase,200,OK,SingleUser_15min 1-48,text,TRUE,,15849,0,1,1,903,0,0
1.53331E+12,954,Signoff,200,OK,SingleUser_15min 1-48,text,TRUE,,8418,0,1,1,952,0,0
1.53331E+12,590,LoginPage,200,OK,SingleUser_15min 1-49,text,TRUE,,9106,0,1,1,588,0,0
1.53331E+12,1136,Reservation,200,OK,SingleUser_15min 1-49,text,TRUE,,15849,0,1,1,896,0,0
1.53331E+12,1151,Filldetails,200,OK,SingleUser_15min 1-49,text,TRUE,,15849,0,1,1,909,0,0
1.53331E+12,1125,Purchase,200,OK,SingleUser_15min 1-49,text,TRUE,,15849,0,1,1,888,0,0
1.53331E+12,936,Signoff,200,OK,SingleUser_15min 1-49,text,TRUE,,8418,0,1,1,933,0,0
1.53331E+12,608,LoginPage,200,OK,SingleUser_15min 1-50,text,TRUE,,9106,0,1,1,606,0,0
1.53331E+12,1120,Reservation,200,OK,SingleUser_15min 1-50,text,TRUE,,15849,0,1,1,880,0,0
1.53331E+12,1111,Filldetails,200,OK,SingleUser_15min 1-50,text,TRUE,,15849,0,1,1,872,0,0
1.53331E+12,1132,Purchase,200,OK,SingleUser_15min 1-50,text,TRUE,,15849,0,1,1,894,0,0
1.53331E+12,1103,Signoff,200,OK,SingleUser_15min 1-50,text,TRUE,,8418,0,1,1,1103,0,0
1.53331E+12,586,LoginPage,200,OK,SingleUser_15min 1-51,text,TRUE,,9106,0,1,1,584,0,0
1.53331E+12,1115,Reservation,200,OK,SingleUser_15min 1-51,text,TRUE,,15849,0,1,1,877,0,0
1.53331E+12,1131,Filldetails,200,OK,SingleUser_15min 1-51,text,TRUE,,15849,0,1,1,892,0,0
1.53331E+12,1129,Purchase,200,OK,SingleUser_15min 1-51,text,TRUE,,15849,0,1,1,889,0,0
1.53331E+12,933,Signoff,200,OK,SingleUser_15min 1-51,text,TRUE,,8418,0,1,1,930,0,0
1.53331E+12,595,LoginPage,200,OK,SingleUser_15min 1-52,text,TRUE,,9106,0,1,1,594,0,0
1.53331E+12,1124,Reservation,200,OK,SingleUser_15min 1-52,text,TRUE,,15849,0,1,1,885,0,0
1.53331E+12,1122,Filldetails,200,OK,SingleUser_15min 1-52,text,TRUE,,15849,0,1,1,883,0,0
1.53331E+12,1155,Purchase,200,OK,SingleUser_15min 1-52,text,TRUE,,15849,0,1,1,906,0,0
1.53331E+12,891,Signoff,200,OK,SingleUser_15min 1-52,text,TRUE,,8418,0,1,1,891,0,0
1.53331E+12,596,LoginPage,200,OK,SingleUser_15min 1-53,text,TRUE,,9106,0,1,1,594,0,0
1.53331E+12,1148,Reservation,200,OK,SingleUser_15min 1-53,text,TRUE,,15849,0,1,1,905,0,0
1.53331E+12,1137,Filldetails,200,OK,SingleUser_15min 1-53,text,TRUE,,15849,0,1,1,896,0,0
1.53331E+12,1145,Purchase,200,OK,SingleUser_15min 1-53,text,TRUE,,15849,0,1,1,901,0,0
1.53331E+12,926,Signoff,200,OK,SingleUser_15min 1-53,text,TRUE,,8418,0,1,1,923,0,0
1.53331E+12,586,LoginPage,200,OK,SingleUser_15min 1-54,text,TRUE,,9106,0,1,1,583,0,0
1.53331E+12,1110,Reservation,200,OK,SingleUser_15min 1-54,text,TRUE,,15849,0,1,1,872,0,0
1.53331E+12,1138,Filldetails,200,OK,SingleUser_15min 1-54,text,TRUE,,15849,0,1,1,895,0,0
1.53331E+12,1131,Purchase,200,OK,SingleUser_15min 1-54,text,TRUE,,15849,0,1,1,887,0,0
1.53331E+12,947,Signoff,200,OK,SingleUser_15min 1-54,text,TRUE,,8418,0,1,1,945,0,0
1.53331E+12,602,LoginPage,200,OK,SingleUser_15min 1-55,text,TRUE,,9106,0,1,1,601,0,0
1.53331E+12,1127,Reservation,200,OK,SingleUser_15min 1-55,text,TRUE,,15849,0,1,1,887,0,0
1.53331E+12,1136,Filldetails,200,OK,SingleUser_15min 1-55,text,TRUE,,15849,0,1,1,889,0,0
1.53331E+12,1148,Purchase,200,OK,SingleUser_15min 1-55,text,TRUE,,15849,0,1,1,901,0,0
1.53331E+12,948,Signoff,200,OK,SingleUser_15min 1-55,text,TRUE,,8418,0,1,1,946,0,0
1.53331E+12,594,LoginPage,200,OK,SingleUser_15min 1-56,text,TRUE,,9106,0,1,1,593,0,0
1.53331E+12,1126,Reservation,200,OK,SingleUser_15min 1-56,text,TRUE,,15849,0,1,1,887,0,0
1.53331E+12,1125,Filldetails,200,OK,SingleUser_15min 1-56,text,TRUE,,15849,0,1,1,888,0,0
1.53331E+12,1120,Purchase,200,OK,SingleUser_15min 1-56,text,TRUE,,15849,0,1,1,881,0,0
1.53331E+12,926,Signoff,200,OK,SingleUser_15min 1-56,text,TRUE,,8418,0,1,1,924,0,0
1.53331E+12,585,LoginPage,200,OK,SingleUser_15min 1-57,text,TRUE,,9106,0,1,1,584,0,0
1.53331E+12,1136,Reservation,200,OK,SingleUser_15min 1-57,text,TRUE,,15849,0,1,1,894,0,0
1.53331E+12,1129,Filldetails,200,OK,SingleUser_15min 1-57,text,TRUE,,15849,0,1,1,892,0,0
1.53331E+12,1305,Purchase,200,OK,SingleUser_15min 1-57,text,TRUE,,15849,0,1,1,1046,0,0
1.53331E+12,957,Signoff,200,OK,SingleUser_15min 1-57,text,TRUE,,8418,0,1,1,955,0,0
1.53331E+12,586,LoginPage,200,OK,SingleUser_15min 1-58,text,TRUE,,9106,0,1,1,586,0,0
1.53331E+12,1123,Reservation,200,OK,SingleUser_15min 1-58,text,TRUE,,15849,0,1,1,883,0,0
1.53331E+12,1131,Filldetails,200,OK,SingleUser_15min 1-58,text,TRUE,,15849,0,1,1,889,0,0
1.53331E+12,1125,Purchase,200,OK,SingleUser_15min 1-58,text,TRUE,,15849,0,1,1,887,0,0
1.53331E+12,932,Signoff,200,OK,SingleUser_15min 1-58,text,TRUE,,8418,0,1,1,931,0,0
1.53331E+12,590,LoginPage,200,OK,SingleUser_15min 1-59,text,TRUE,,9106,0,1,1,588,0,0
1.53331E+12,1110,Reservation,200,OK,SingleUser_15min 1-59,text,TRUE,,15849,0,1,1,873,0,0
1.53331E+12,1127,Filldetails,200,OK,SingleUser_15min 1-59,text,TRUE,,15849,0,1,1,898,0,0
1.53331E+12,1107,Purchase,200,OK,SingleUser_15min 1-59,text,TRUE,,15849,0,1,1,869,0,0
1.53331E+12,938,Signoff,200,OK,SingleUser_15min 1-59,text,TRUE,,8418,0,1,1,938,0,0
1.53331E+12,601,LoginPage,200,OK,SingleUser_15min 1-60,text,TRUE,,9106,0,1,1,599,0,0
1.53331E+12,1124,Reservation,200,OK,SingleUser_15min 1-60,text,TRUE,,15849,0,1,1,887,0,0
1.53331E+12,1122,Filldetails,200,OK,SingleUser_15min 1-60,text,TRUE,,15849,0,1,1,881,0,0
1.53331E+12,1140,Purchase,200,OK,SingleUser_15min 1-60,text,TRUE,,15849,0,1,1,898,0,0
1.53331E+12,953,Signoff,200,OK,SingleUser_15min 1-60,text,TRUE,,8418,0,1,1,952,0,0
1.53331E+12,598,LoginPage,200,OK,SingleUser_15min 1-61,text,TRUE,,9106,0,1,1,597,0,0
1.53331E+12,1171,Reservation,200,OK,SingleUser_15min 1-61,text,TRUE,,15849,0,1,1,917,0,0
1.53331E+12,1164,Filldetails,200,OK,SingleUser_15min 1-61,text,TRUE,,15849,0,1,1,916,0,0
1.53331E+12,1142,Purchase,200,OK,SingleUser_15min 1-61,text,TRUE,,15849,0,1,1,900,0,0
1.53331E+12,941,Signoff,200,OK,SingleUser_15min 1-61,text,TRUE,,8418,0,1,1,938,0,0
1.53331E+12,594,LoginPage,200,OK,SingleUser_15min 1-62,text,TRUE,,9106,0,1,1,594,0,0
1.53331E+12,1139,Reservation,200,OK,SingleUser_15min 1-62,text,TRUE,,15849,0,1,1,899,0,0
1.53331E+12,1120,Filldetails,200,OK,SingleUser_15min 1-62,text,TRUE,,15849,0,1,1,882,0,0
1.53331E+12,1153,Purchase,200,OK,SingleUser_15min 1-62,text,TRUE,,15849,0,1,1,906,0,0
1.53331E+12,966,Signoff,200,OK,SingleUser_15min 1-62,text,TRUE,,8418,0,1,1,966,0,0
1.53331E+12,590,LoginPage,200,OK,SingleUser_15min 1-63,text,TRUE,,9106,0,1,1,590,0,0
1.53331E+12,1120,Reservation,200,OK,SingleUser_15min 1-63,text,TRUE,,15849,0,1,1,882,0,0
1.53331E+12,1133,Filldetails,200,OK,SingleUser_15min 1-63,text,TRUE,,15849,0,1,1,887,0,0
1.53331E+12,1132,Purchase,200,OK,SingleUser_15min 1-63,text,TRUE,,15849,0,1,1,893,0,0
1.53331E+12,956,Signoff,200,OK,SingleUser_15min 1-63,text,TRUE,,8418,0,1,1,954,0,0
1.53331E+12,603,LoginPage,200,OK,SingleUser_15min 1-64,text,TRUE,,9106,0,1,1,600,0,0
1.53331E+12,1121,Reservation,200,OK,SingleUser_15min 1-64,text,TRUE,,15849,0,1,1,878,0,0
1.53331E+12,1105,Filldetails,200,OK,SingleUser_15min 1-64,text,TRUE,,15849,0,1,1,868,0,0
1.53331E+12,1114,Purchase,200,OK,SingleUser_15min 1-64,text,TRUE,,15849,0,1,1,877,0,0
1.53331E+12,948,Signoff,200,OK,SingleUser_15min 1-64,text,TRUE,,8418,0,1,1,947,0,0
1.53331E+12,589,LoginPage,200,OK,SingleUser_15min 1-65,text,TRUE,,9106,0,1,1,588,0,0
1.53331E+12,1124,Reservation,200,OK,SingleUser_15min 1-65,text,TRUE,,15849,0,1,1,883,0,0
1.53331E+12,1146,Filldetails,200,OK,SingleUser_15min 1-65,text,TRUE,,15849,0,1,1,900,0,0
1.53331E+12,1138,Purchase,200,OK,SingleUser_15min 1-65,text,TRUE,,15849,0,1,1,898,0,0
1.53331E+12,935,Signoff,200,OK,SingleUser_15min 1-65,text,TRUE,,8418,0,1,1,934,0,0
1.53331E+12,562,LoginPage,200,OK,SingleUser_15min 1-66,text,TRUE,,9106,0,1,1,562,0,0
1.53331E+12,1099,Reservation,200,OK,SingleUser_15min 1-66,text,TRUE,,15849,0,1,1,861,0,0
1.53331E+12,1175,Filldetails,200,OK,SingleUser_15min 1-66,text,TRUE,,15849,0,1,1,922,0,0
1.53331E+12,1141,Purchase,200,OK,SingleUser_15min 1-66,text,TRUE,,15849,0,1,1,902,0,0
1.53331E+12,936,Signoff,200,OK,SingleUser_15min 1-66,text,TRUE,,8418,0,1,1,934,0,0
1.53331E+12,598,LoginPage,200,OK,SingleUser_15min 1-67,text,TRUE,,9106,0,1,1,597,0,0
1.53331E+12,1111,Reservation,200,OK,SingleUser_15min 1-67,text,TRUE,,15849,0,1,1,876,0,0
1.53331E+12,1135,Filldetails,200,OK,SingleUser_15min 1-67,text,TRUE,,15849,0,1,1,893,0,0
1.53331E+12,1120,Purchase,200,OK,SingleUser_15min 1-67,text,TRUE,,15849,0,1,1,883,0,0
1.53331E+12,938,Signoff,200,OK,SingleUser_15min 1-67,text,TRUE,,8418,0,1,1,936,0,0
1.53331E+12,585,LoginPage,200,OK,SingleUser_15min 1-68,text,TRUE,,9106,0,1,1,583,0,0
1.53331E+12,1148,Reservation,200,OK,SingleUser_15min 1-68,text,TRUE,,15849,0,1,1,911,0,0
1.53331E+12,1129,Filldetails,200,OK,SingleUser_15min 1-68,text,TRUE,,15849,0,1,1,887,0,0
1.53331E+12,1140,Purchase,200,OK,SingleUser_15min 1-68,text,TRUE,,15849,0,1,1,900,0,0
1.53331E+12,943,Signoff,200,OK,SingleUser_15min 1-68,text,TRUE,,8418,0,1,1,942,0,0
1.53331E+12,590,LoginPage,200,OK,SingleUser_15min 1-69,text,TRUE,,9106,0,1,1,588,0,0
1.53331E+12,1131,Reservation,200,OK,SingleUser_15min 1-69,text,TRUE,,15849,0,1,1,889,0,0
1.53331E+12,1132,Filldetails,200,OK,SingleUser_15min 1-69,text,TRUE,,15849,0,1,1,891,0,0
1.53331E+12,1125,Purchase,200,OK,SingleUser_15min 1-69,text,TRUE,,15849,0,1,1,887,0,0
1.53331E+12,944,Signoff,200,OK,SingleUser_15min 1-69,text,TRUE,,8418,0,1,1,942,0,0
1.53331E+12,587,LoginPage,200,OK,SingleUser_15min 1-70,text,TRUE,,9106,0,1,1,586,0,0
1.53331E+12,1123,Reservation,200,OK,SingleUser_15min 1-70,text,TRUE,,15849,0,1,1,882,0,0
1.53331E+12,1124,Filldetails,200,OK,SingleUser_15min 1-70,text,TRUE,,15849,0,1,1,886,0,0
1.53331E+12,1126,Purchase,200,OK,SingleUser_15min 1-70,text,TRUE,,15849,0,1,1,885,0,0
1.53331E+12,1206,Signoff,200,OK,SingleUser_15min 1-70,text,TRUE,,8418,0,1,1,1206,0,0
1.53331E+12,598,LoginPage,200,OK,SingleUser_15min 1-71,text,TRUE,,9106,0,1,1,598,0,0
1.53331E+12,1129,Reservation,200,OK,SingleUser_15min 1-71,text,TRUE,,15849,0,1,1,889,0,0
1.53331E+12,1119,Filldetails,200,OK,SingleUser_15min 1-71,text,TRUE,,15849,0,1,1,881,0,0
1.53331E+12,1175,Purchase,200,OK,SingleUser_15min 1-71,text,TRUE,,15849,0,1,1,937,0,0
1.53331E+12,946,Signoff,200,OK,SingleUser_15min 1-71,text,TRUE,,8418,0,1,1,945,0,0
1.53331E+12,583,LoginPage,200,OK,SingleUser_15min 1-72,text,TRUE,,9106,0,1,1,582,0,0
1.53331E+12,1132,Reservation,200,OK,SingleUser_15min 1-72,text,TRUE,,15849,0,1,1,892,0,0
1.53331E+12,1141,Filldetails,200,OK,SingleUser_15min 1-72,text,TRUE,,15849,0,1,1,899,0,0
1.53331E+12,1126,Purchase,200,OK,SingleUser_15min 1-72,text,TRUE,,15849,0,1,1,890,0,0
1.53331E+12,925,Signoff,200,OK,SingleUser_15min 1-72,text,TRUE,,8418,0,1,1,924,0,0
1.53331E+12,590,LoginPage,200,OK,SingleUser_15min 1-73,text,TRUE,,9106,0,1,1,588,0,0
1.53331E+12,1140,Reservation,200,OK,SingleUser_15min 1-73,text,TRUE,,15849,0,1,1,896,0,0
1.53331E+12,1129,Filldetails,200,OK,SingleUser_15min 1-73,text,TRUE,,15849,0,1,1,890,0,0
1.53331E+12,1122,Purchase,200,OK,SingleUser_15min 1-73,text,TRUE,,15849,0,1,1,880,0,0
1.53331E+12,952,Signoff,200,OK,SingleUser_15min 1-73,text,TRUE,,8418,0,1,1,950,0,0
1.53331E+12,593,LoginPage,200,OK,SingleUser_15min 1-74,text,TRUE,,9106,0,1,1,591,0,0
1.53331E+12,1123,Reservation,200,OK,SingleUser_15min 1-74,text,TRUE,,15849,0,1,1,884,0,0
1.53331E+12,1124,Filldetails,200,OK,SingleUser_15min 1-74,text,TRUE,,15849,0,1,1,883,0,0
1.53331E+12,1111,Purchase,200,OK,SingleUser_15min 1-74,text,TRUE,,15849,0,1,1,876,0,0
1.53331E+12,909,Signoff,200,OK,SingleUser_15min 1-74,text,TRUE,,8418,0,1,1,909,0,0
1.53331E+12,601,LoginPage,200,OK,SingleUser_15min 1-75,text,TRUE,,9106,0,1,1,600,0,0
1.53331E+12,1145,Reservation,200,OK,SingleUser_15min 1-75,text,TRUE,,15849,0,1,1,902,0,0
1.53331E+12,1109,Filldetails,200,OK,SingleUser_15min 1-75,text,TRUE,,15849,0,1,1,867,0,0
1.53331E+12,1125,Purchase,200,OK,SingleUser_15min 1-75,text,TRUE,,15849,0,1,1,887,0,0
1.53331E+12,935,Signoff,200,OK,SingleUser_15min 1-75,text,TRUE,,8418,0,1,1,933,0,0
1.53331E+12,588,LoginPage,200,OK,SingleUser_15min 1-76,text,TRUE,,9106,0,1,1,587,0,0
1.53331E+12,1100,Reservation,200,OK,SingleUser_15min 1-76,text,TRUE,,15849,0,1,1,853,0,0
1.53331E+12,1082,Filldetails,200,OK,SingleUser_15min 1-76,text,TRUE,,15849,0,1,1,843,0,0
1.53331E+12,1087,Purchase,200,OK,SingleUser_15min 1-76,text,TRUE,,15849,0,1,1,845,0,0
1.53331E+12,900,Signoff,200,OK,SingleUser_15min 1-76,text,TRUE,,8418,0,1,1,900,0,0
1.53331E+12,690,LoginPage,200,OK,SingleUser_15min 1-77,text,TRUE,,9106,0,1,1,690,0,0
1.53331E+12,1313,Reservation,200,OK,SingleUser_15min 1-77,text,TRUE,,15849,0,1,1,1030,0,0
1.53331E+12,1228,Filldetails,200,OK,SingleUser_15min 1-77,text,TRUE,,15849,0,1,1,944,0,0
1.53331E+12,1183,Purchase,200,OK,SingleUser_15min 1-77,text,TRUE,,15849,0,1,1,943,0,0
1.53331E+12,914,Signoff,200,OK,SingleUser_15min 1-77,text,TRUE,,8418,0,1,1,914,0,0
1.53331E+12,577,LoginPage,200,OK,SingleUser_15min 1-78,text,TRUE,,9106,0,1,1,576,0,0
1.53331E+12,1196,Reservation,200,OK,SingleUser_15min 1-78,text,TRUE,,15849,0,1,1,957,0,0
1.53331E+12,1128,Filldetails,200,OK,SingleUser_15min 1-78,text,TRUE,,15849,0,1,1,885,0,0
1.53331E+12,1131,Purchase,200,OK,SingleUser_15min 1-78,text,TRUE,,15849,0,1,1,896,0,0
1.53331E+12,893,Signoff,200,OK,SingleUser_15min 1-78,text,TRUE,,8418,0,1,1,892,0,0
1.53331E+12,721,LoginPage,200,OK,SingleUser_15min 1-79,text,TRUE,,9106,0,1,1,721,0,0
1.53331E+12,1123,Reservation,200,OK,SingleUser_15min 1-79,text,TRUE,,15849,0,1,1,881,0,0
1.53331E+12,1093,Filldetails,200,OK,SingleUser_15min 1-79,text,TRUE,,15849,0,1,1,852,0,0
1.53331E+12,1116,Purchase,200,OK,SingleUser_15min 1-79,text,TRUE,,15849,0,1,1,877,0,0
1.53331E+12,909,Signoff,200,OK,SingleUser_15min 1-79,text,TRUE,,8418,0,1,1,909,0,0
1.53331E+12,664,LoginPage,200,OK,SingleUser_15min 1-80,text,TRUE,,9106,0,1,1,664,0,0
1.53331E+12,1109,Reservation,200,OK,SingleUser_15min 1-80,text,TRUE,,15849,0,1,1,868,0,0
1.53331E+12,1080,Filldetails,200,OK,SingleUser_15min 1-80,text,TRUE,,15849,0,1,1,843,0,0
1.53331E+12,1095,Purchase,200,OK,SingleUser_15min 1-80,text,TRUE,,15849,0,1,1,853,0,0
1.53331E+12,890,Signoff,200,OK,SingleUser_15min 1-80,text,TRUE,,8418,0,1,1,890,0,0
1.53331E+12,617,LoginPage,200,OK,SingleUser_15min 1-81,text,TRUE,,9106,0,1,1,617,0,0
1.53331E+12,1078,Reservation,200,OK,SingleUser_15min 1-81,text,TRUE,,15849,0,1,1,837,0,0
1.53331E+12,1093,Filldetails,200,OK,SingleUser_15min 1-81,text,TRUE,,15849,0,1,1,851,0,0
1.53331E+12,1081,Purchase,200,OK,SingleUser_15min 1-81,text,TRUE,,15849,0,1,1,842,0,0
1.53331E+12,889,Signoff,200,OK,SingleUser_15min 1-81,text,TRUE,,8418,0,1,1,888,0,0
1.53331E+12,564,LoginPage,200,OK,SingleUser_15min 1-82,text,TRUE,,9106,0,1,1,563,0,0
1.53331E+12,1089,Reservation,200,OK,SingleUser_15min 1-82,text,TRUE,,15849,0,1,1,850,0,0
1.53331E+12,1120,Filldetails,200,OK,SingleUser_15min 1-82,text,TRUE,,15849,0,1,1,882,0,0
1.53331E+12,1072,Purchase,200,OK,SingleUser_15min 1-82,text,TRUE,,15849,0,1,1,834,0,0
1.53331E+12,911,Signoff,200,OK,SingleUser_15min 1-82,text,TRUE,,8418,0,1,1,911,0,0
1.53331E+12,578,LoginPage,200,OK,SingleUser_15min 1-83,text,TRUE,,9106,0,1,1,577,0,0
1.53331E+12,1122,Reservation,200,OK,SingleUser_15min 1-83,text,TRUE,,15849,0,1,1,884,0,0
1.53331E+12,1157,Filldetails,200,OK,SingleUser_15min 1-83,text,TRUE,,15844,0,1,1,917,0,0
1.53331E+12,1135,Purchase,200,OK,SingleUser_15min 1-83,text,TRUE,,15849,0,1,1,895,0,0
1.53331E+12,895,Signoff,200,OK,SingleUser_15min 1-83,text,TRUE,,8418,0,1,1,894,0,0
1.53331E+12,570,LoginPage,200,OK,SingleUser_15min 1-84,text,TRUE,,9106,0,1,1,570,0,0
1.53331E+12,1083,Reservation,200,OK,SingleUser_15min 1-84,text,TRUE,,15849,0,1,1,843,0,0
1.53331E+12,1100,Filldetails,200,OK,SingleUser_15min 1-84,text,TRUE,,15849,0,1,1,861,0,0
1.53331E+12,1130,Purchase,200,OK,SingleUser_15min 1-84,text,TRUE,,15849,0,1,1,889,0,0
1.53331E+12,898,Signoff,200,OK,SingleUser_15min 1-84,text,TRUE,,8418,0,1,1,898,0,0
1.53331E+12,595,LoginPage,200,OK,SingleUser_15min 1-85,text,TRUE,,9106,0,1,1,593,0,0
1.53331E+12,1108,Reservation,200,OK,SingleUser_15min 1-85,text,TRUE,,15849,0,1,1,869,0,0
1.53331E+12,1072,Filldetails,200,OK,SingleUser_15min 1-85,text,TRUE,,15849,0,1,1,832,0,0
1.53331E+12,1084,Purchase,200,OK,SingleUser_15min 1-85,text,TRUE,,15849,0,1,1,842,0,0
1.53331E+12,990,Signoff,200,OK,SingleUser_15min 1-85,text,TRUE,,8418,0,1,1,990,0,0
1.53331E+12,571,LoginPage,200,OK,SingleUser_15min 1-86,text,TRUE,,9106,0,1,1,571,0,0
1.53331E+12,1299,Reservation,200,OK,SingleUser_15min 1-86,text,TRUE,,15849,0,1,1,1060,0,0
1.53331E+12,1111,Filldetails,200,OK,SingleUser_15min 1-86,text,TRUE,,15849,0,1,1,859,0,0
1.53331E+12,1090,Purchase,200,OK,SingleUser_15min 1-86,text,TRUE,,15849,0,1,1,852,0,0
1.53331E+12,895,Signoff,200,OK,SingleUser_15min 1-86,text,TRUE,,8418,0,1,1,895,0,0
1.53331E+12,574,LoginPage,200,OK,SingleUser_15min 1-87,text,TRUE,,9106,0,1,1,574,0,0
1.53331E+12,1091,Reservation,200,OK,SingleUser_15min 1-87,text,TRUE,,15849,0,1,1,849,0,0
1.53331E+12,1091,Filldetails,200,OK,SingleUser_15min 1-87,text,TRUE,,15849,0,1,1,849,0,0
1.53331E+12,1110,Purchase,200,OK,SingleUser_15min 1-87,text,TRUE,,15849,0,1,1,869,0,0
1.53331E+12,897,Signoff,200,OK,SingleUser_15min 1-87,text,TRUE,,8418,0,1,1,897,0,0
1.53331E+12,563,LoginPage,200,OK,SingleUser_15min 1-88,text,TRUE,,9106,0,1,1,561,0,0
1.53331E+12,1092,Reservation,200,OK,SingleUser_15min 1-88,text,TRUE,,15849,0,1,1,851,0,0
1.53331E+12,1149,Filldetails,200,OK,SingleUser_15min 1-88,text,TRUE,,15849,0,1,1,907,0,0
1.53331E+12,1166,Purchase,200,OK,SingleUser_15min 1-88,text,TRUE,,15849,0,1,1,925,0,0
1.53331E+12,936,Signoff,200,OK,SingleUser_15min 1-88,text,TRUE,,8418,0,1,1,936,0,0
1.53331E+12,571,LoginPage,200,OK,SingleUser_15min 1-89,text,TRUE,,9106,0,1,1,569,0,0
1.53331E+12,1076,Reservation,200,OK,SingleUser_15min 1-89,text,TRUE,,15849,0,1,1,839,0,0
1.53331E+12,1128,Filldetails,200,OK,SingleUser_15min 1-89,text,TRUE,,15849,0,1,1,891,0,0
1.53331E+12,1098,Purchase,200,OK,SingleUser_15min 1-89,text,TRUE,,15849,0,1,1,851,0,0
1.53331E+12,918,Signoff,200,OK,SingleUser_15min 1-89,text,TRUE,,8418,0,1,1,917,0,0
1.53331E+12,595,LoginPage,200,OK,SingleUser_15min 1-90,text,TRUE,,9106,0,1,1,595,0,0
1.53331E+12,1151,Reservation,200,OK,SingleUser_15min 1-90,text,TRUE,,15849,0,1,1,907,0,0
1.53331E+12,1182,Filldetails,200,OK,SingleUser_15min 1-90,text,TRUE,,15849,0,1,1,939,0,0
1.53331E+12,1208,Purchase,200,OK,SingleUser_15min 1-90,text,TRUE,,15849,0,1,1,927,0,0
1.53331E+12,1106,Signoff,200,OK,SingleUser_15min 1-90,text,TRUE,,8418,0,1,1,1106,0,0
